"First Name","Last Name","Gender","Age","Email","Phone","Marital Status"
"Violet","Elliott","Female","25","v.elliott@randatmail.com","896-3242-73","Married"
"Dainton","Harris","Male","21","d.harris@randatmail.com","116-4182-47","Single"
"Deanna","Cole","Female","30","d.cole@randatmail.com","929-0326-86","Single"
"James","Elliott","Male","23","j.elliott@randatmail.com","412-8887-99","Married"
"Albert","Gibson","Male","29","a.gibson@randatmail.com","302-4086-37","Single"
"Emily","Parker","Female","22","e.parker@randatmail.com","132-0066-25","Single"
"Roland","Kelly","Male","20","r.kelly@randatmail.com","867-9551-64","Married"
"Paige","Payne","Female","20","p.payne@randatmail.com","028-0265-78","Single"
"Tess","Miller","Female","30","t.miller@randatmail.com","350-5151-18","Married"
"Sienna","Higgins","Female","24","s.higgins@randatmail.com","933-6590-43","Single"
"Tiana","Crawford","Female","29","t.crawford@randatmail.com","691-2983-30","Married"
"Brad","Watson","Male","19","b.watson@randatmail.com","187-3011-02","Married"
"Haris","Clark","Male","24","h.clark@randatmail.com","709-4023-85","Married"
"Tony","Murphy","Male","28","t.murphy@randatmail.com","409-1049-02","Single"
"Paige","Anderson","Female","21","p.anderson@randatmail.com","060-6704-47","Married"
"Eric","Murphy","Male","19","e.murphy@randatmail.com","696-2542-01","Married"
"Eleanor","Farrell","Female","18","e.farrell@randatmail.com","769-2019-51","Single"
"Vivian","Allen","Female","27","v.allen@randatmail.com","860-9493-56","Married"
"Miley","Craig","Female","25","m.craig@randatmail.com","247-8686-65","Single"
"Frederick","Cunningham","Male","23","f.cunningham@randatmail.com","169-6837-92","Married"
"Walter","Anderson","Male","29","w.anderson@randatmail.com","086-7768-72","Married"
"Adam","Kelly","Male","24","a.kelly@randatmail.com","881-7428-77","Married"
"Jenna","Wilson","Female","30","j.wilson@randatmail.com","413-2432-03","Married"
"Byron","Crawford","Male","19","b.crawford@randatmail.com","497-0433-15","Single"
"Preston","Reed","Male","21","p.reed@randatmail.com","245-6731-96","Married"
"Kimberly","Barrett","Female","19","k.barrett@randatmail.com","622-5350-65","Married"
"Charlie","Baker","Male","29","c.baker@randatmail.com","403-3160-30","Married"
"Olivia","Myers","Female","25","o.myers@randatmail.com","999-2298-45","Single"
"Cherry","Stevens","Female","19","c.stevens@randatmail.com","006-1742-58","Single"
"Arthur","Parker","Male","29","a.parker@randatmail.com","917-3526-83","Married"
"Aiden","Crawford","Male","22","a.crawford@randatmail.com","595-8602-44","Married"
"Chelsea","Scott","Female","19","c.scott@randatmail.com","903-5983-36","Single"
"Lily","Evans","Female","19","l.evans@randatmail.com","271-3302-25","Married"
"Kevin","Jones","Male","29","k.jones@randatmail.com","865-9142-76","Single"
"Dominik","Casey","Male","21","d.casey@randatmail.com","230-0690-84","Single"
"Sophia","Andrews","Female","20","s.andrews@randatmail.com","298-2951-31","Married"
"Ashton","Tucker","Male","21","a.tucker@randatmail.com","469-8973-19","Married"
"Abraham","Mason","Male","23","a.mason@randatmail.com","250-0244-71","Single"
"Savana","Wells","Female","28","s.wells@randatmail.com","884-1571-93","Single"
"Byron","Mason","Male","28","b.mason@randatmail.com","755-3000-93","Single"
"Tony","Chapman","Male","18","t.chapman@randatmail.com","630-1925-92","Married"
"Stella","Spencer","Female","24","s.spencer@randatmail.com","106-6849-76","Single"
"Natalie","Watson","Female","22","n.watson@randatmail.com","754-6068-56","Married"
"Michelle","Hill","Female","18","m.hill@randatmail.com","901-8833-35","Married"
"Miller","Mason","Male","22","m.mason@randatmail.com","780-5527-75","Married"
"Victoria","Morgan","Female","18","v.morgan@randatmail.com","577-4744-87","Single"
"Lilianna","Stewart","Female","24","l.stewart@randatmail.com","631-8161-25","Married"
"Justin","Alexander","Male","23","j.alexander@randatmail.com","116-1875-41","Married"
"Adison","Thompson","Male","27","a.thompson@randatmail.com","380-3350-24","Married"
"Tess","Wright","Female","24","t.wright@randatmail.com","019-0067-82","Single"
"Emma","Evans","Female","28","e.evans@randatmail.com","613-3911-82","Single"
"James","Morgan","Male","24","j.morgan@randatmail.com","274-1855-88","Married"
"Fiona","Harper","Female","18","f.harper@randatmail.com","738-6447-08","Single"
"Chester","Gray","Male","22","c.gray@randatmail.com","119-9624-77","Single"
"Carlos","Cooper","Male","27","c.cooper@randatmail.com","778-0276-13","Married"
"Lenny","Douglas","Male","29","l.douglas@randatmail.com","215-5521-64","Married"
"Kate","Nelson","Female","25","k.nelson@randatmail.com","887-8835-08","Single"
"Savana","Barnes","Female","29","s.barnes@randatmail.com","890-9061-68","Married"
"Carl","Jones","Male","24","c.jones@randatmail.com","297-5081-01","Single"
"Arianna","Thomas","Female","25","a.thomas@randatmail.com","693-9064-62","Married"
"William","Hill","Male","23","w.hill@randatmail.com","551-7125-74","Single"
"Chloe","Howard","Female","26","c.howard@randatmail.com","674-5248-42","Married"
"Heather","Cameron","Female","23","h.cameron@randatmail.com","552-5594-34","Married"
"Sydney","Cameron","Female","27","s.cameron@randatmail.com","111-9896-36","Married"
"Savana","Adams","Female","30","s.adams@randatmail.com","873-4451-90","Single"
"Lucy","Spencer","Female","27","l.spencer@randatmail.com","351-5872-26","Married"
"Carl","Spencer","Male","26","c.spencer@randatmail.com","095-2868-22","Single"
"Charlotte","Smith","Female","28","c.smith@randatmail.com","193-8470-22","Single"
"Cadie","Ferguson","Female","27","c.ferguson@randatmail.com","559-9685-41","Married"
"Henry","Phillips","Male","21","h.phillips@randatmail.com","493-8364-68","Single"
"Rosie","Owens","Female","18","r.owens@randatmail.com","395-0364-81","Married"
"Edith","Campbell","Female","24","e.campbell@randatmail.com","026-1766-50","Married"
"Eddy","Craig","Male","29","e.craig@randatmail.com","621-4125-66","Single"
"Jack","Thomas","Male","30","j.thomas@randatmail.com","999-9301-62","Married"
"Tyler","Cunningham","Male","19","t.cunningham@randatmail.com","216-8417-88","Married"
"Natalie","Baker","Female","23","n.baker@randatmail.com","688-1051-15","Single"
"Anna","West","Female","21","a.west@randatmail.com","073-5697-48","Single"
"Max","Elliott","Male","25","m.elliott@randatmail.com","406-1711-61","Married"
"Harold","Wells","Male","28","h.wells@randatmail.com","207-4267-30","Married"
"Fenton","Higgins","Male","21","f.higgins@randatmail.com","603-8164-13","Married"
"Brianna","Cunningham","Female","20","b.cunningham@randatmail.com","229-7958-19","Single"
"Kelsey","Armstrong","Female","20","k.armstrong@randatmail.com","725-8198-32","Married"
"Alexia","Lloyd","Female","30","a.lloyd@randatmail.com","661-2081-35","Married"
"Abraham","Barnes","Male","22","a.barnes@randatmail.com","313-5078-59","Married"
"Fenton","Barnes","Male","23","f.barnes@randatmail.com","077-0816-95","Married"
"Charlie","Smith","Male","24","c.smith@randatmail.com","252-5672-28","Married"
"Melissa","Chapman","Female","23","m.chapman@randatmail.com","994-5959-69","Married"
"Antony","Kelley","Male","25","a.kelley@randatmail.com","412-8272-82","Married"
"Ellia","Parker","Female","26","e.parker@randatmail.com","623-0210-87","Single"
"Kristian","Hamilton","Male","22","k.hamilton@randatmail.com","840-1941-29","Single"
"Harold","Anderson","Male","24","h.anderson@randatmail.com","402-6450-85","Single"
"Kevin","Fowler","Male","27","k.fowler@randatmail.com","152-4514-10","Married"
"Anna","Phillips","Female","20","a.phillips@randatmail.com","533-0567-71","Single"
"Martin","Higgins","Male","28","m.higgins@randatmail.com","623-0003-24","Single"
"Sofia","Hamilton","Female","26","s.hamilton@randatmail.com","596-9405-21","Single"
"Spike","Kelley","Male","18","s.kelley@randatmail.com","767-0383-65","Married"
"Amber","Jones","Female","23","a.jones@randatmail.com","059-5201-73","Married"
"Brad","Richards","Male","29","b.richards@randatmail.com","714-0318-40","Married"
"Melanie","Ryan","Female","19","m.ryan@randatmail.com","676-2553-83","Married"
"Jared","Higgins","Male","28","j.higgins@randatmail.com","706-9345-06","Married"
"Lilianna","Scott","Female","21","l.scott@randatmail.com","991-7745-02","Single"
"Abraham","Ryan","Male","25","a.ryan@randatmail.com","774-2723-23","Married"
"Tess","Gibson","Female","22","t.gibson@randatmail.com","212-4488-37","Married"
"Carina","Allen","Female","30","c.allen@randatmail.com","487-0297-37","Single"
"Lana","Casey","Female","25","l.casey@randatmail.com","549-1113-44","Married"
"Alexander","Holmes","Male","21","a.holmes@randatmail.com","143-8493-38","Single"
"Aida","Stewart","Female","28","a.stewart@randatmail.com","104-2127-64","Married"
"Garry","Edwards","Male","28","g.edwards@randatmail.com","147-7101-05","Single"
"Miranda","Riley","Female","19","m.riley@randatmail.com","484-0775-75","Married"
"Myra","Thomas","Female","21","m.thomas@randatmail.com","349-9871-63","Single"
"Abraham","Wilson","Male","25","a.wilson@randatmail.com","436-0103-54","Married"
"Florrie","Allen","Female","30","f.allen@randatmail.com","040-9149-46","Married"
"Daryl","Gibson","Male","25","d.gibson@randatmail.com","026-9164-85","Married"
"Brad","Stewart","Male","20","b.stewart@randatmail.com","765-2349-98","Married"
"Paige","Craig","Female","29","p.craig@randatmail.com","447-6394-68","Married"
"Dale","Miller","Male","25","d.miller@randatmail.com","349-7335-73","Single"
"Lucy","Phillips","Female","28","l.phillips@randatmail.com","811-4875-09","Married"
"Tiana","Miller","Female","20","t.miller@randatmail.com","474-7243-72","Single"
"Dale","Alexander","Male","29","d.alexander@randatmail.com","734-2674-83","Single"
"Joyce","Williams","Female","28","j.williams@randatmail.com","182-3037-36","Single"
"Darcy","Murphy","Female","20","d.murphy@randatmail.com","220-2189-37","Single"
"James","Murray","Male","30","j.murray@randatmail.com","453-3677-85","Married"
"Garry","Thompson","Male","29","g.thompson@randatmail.com","007-5385-49","Married"
"Belinda","Fowler","Female","22","b.fowler@randatmail.com","272-2302-19","Married"
"Arianna","Alexander","Female","19","a.alexander@randatmail.com","717-2848-24","Married"
"Michelle","Watson","Female","20","m.watson@randatmail.com","009-9682-10","Single"
"Brooke","Martin","Female","27","b.martin@randatmail.com","235-9371-51","Single"
"Chelsea","Spencer","Female","23","c.spencer@randatmail.com","240-8834-62","Married"
"Adele","Bennett","Female","23","a.bennett@randatmail.com","102-0047-44","Single"
"Cherry","Gibson","Female","25","c.gibson@randatmail.com","372-3037-45","Married"
"Natalie","Bailey","Female","22","n.bailey@randatmail.com","842-9546-73","Married"
"Eddy","Wright","Male","19","e.wright@randatmail.com","184-9276-19","Married"
"Maddie","Casey","Female","29","m.casey@randatmail.com","212-4419-09","Married"
"Ryan","Walker","Male","20","r.walker@randatmail.com","410-1983-96","Single"
"Audrey","Casey","Female","26","a.casey@randatmail.com","135-4842-06","Single"
"Thomas","Elliott","Male","22","t.elliott@randatmail.com","367-6904-83","Married"
"Caroline","Grant","Female","24","c.grant@randatmail.com","695-2849-02","Married"
"Fiona","Stevens","Female","18","f.stevens@randatmail.com","588-4846-44","Single"
"Stuart","Myers","Male","23","s.myers@randatmail.com","439-1839-54","Single"
"Dexter","Taylor","Male","26","d.taylor@randatmail.com","111-7428-52","Single"
"Arianna","Davis","Female","22","a.davis@randatmail.com","184-6220-54","Single"
"Alexia","Gibson","Female","25","a.gibson@randatmail.com","820-5112-24","Married"
"Ted","Baker","Male","30","t.baker@randatmail.com","995-3045-33","Single"
"Hailey","Dixon","Female","22","h.dixon@randatmail.com","995-1700-83","Married"
"Miley","Mason","Female","26","m.mason@randatmail.com","454-8600-75","Single"
"Julian","Richards","Male","18","j.richards@randatmail.com","344-2053-47","Married"
"Jack","Walker","Male","28","j.walker@randatmail.com","389-0198-40","Single"
"Thomas","Ross","Male","24","t.ross@randatmail.com","762-9349-82","Married"
"Samantha","Ellis","Female","30","s.ellis@randatmail.com","557-3704-54","Single"
"Abigail","Thompson","Female","22","a.thompson@randatmail.com","881-7830-33","Married"
"Adrianna","Hall","Female","29","a.hall@randatmail.com","087-6657-24","Married"
"Henry","Smith","Male","19","h.smith@randatmail.com","835-0737-77","Single"
"Florrie","Wells","Female","21","f.wells@randatmail.com","933-5308-33","Married"
"Martin","Spencer","Male","21","m.spencer@randatmail.com","736-8090-06","Married"
"Cadie","Barnes","Female","19","c.barnes@randatmail.com","828-4704-62","Married"
"Fenton","West","Male","25","f.west@randatmail.com","405-4511-53","Single"
"Oscar","West","Male","30","o.west@randatmail.com","821-0813-33","Married"
"Kristian","Edwards","Male","27","k.edwards@randatmail.com","864-6731-58","Married"
"James","Myers","Male","30","j.myers@randatmail.com","338-8208-03","Single"
"Penelope","Robinson","Female","20","p.robinson@randatmail.com","894-8073-46","Single"
"Caroline","Farrell","Female","28","c.farrell@randatmail.com","338-8000-10","Single"
"Wilson","Anderson","Male","18","w.anderson@randatmail.com","609-1691-19","Single"
"Abigail","Evans","Female","23","a.evans@randatmail.com","639-8262-02","Single"
"Tara","Brown","Female","18","t.brown@randatmail.com","277-5684-00","Single"
"Sam","Ferguson","Male","19","s.ferguson@randatmail.com","649-3472-80","Single"
"Adele","Brooks","Female","24","a.brooks@randatmail.com","020-3828-46","Single"
"Edward","Hall","Male","22","e.hall@randatmail.com","203-5005-53","Single"
"Albert","Richards","Male","19","a.richards@randatmail.com","307-9996-92","Single"
"Adele","Johnson","Female","26","a.johnson@randatmail.com","799-0335-72","Single"
"Ryan","Thomas","Male","23","r.thomas@randatmail.com","202-9205-84","Married"
"Walter","Taylor","Male","28","w.taylor@randatmail.com","746-8761-88","Married"
"Paul","Lloyd","Male","18","p.lloyd@randatmail.com","444-8946-12","Married"
"Roland","Thomas","Male","19","r.thomas@randatmail.com","241-9257-60","Married"
"Melissa","Warren","Female","21","m.warren@randatmail.com","308-0745-62","Single"
"Oliver","Warren","Male","24","o.warren@randatmail.com","575-1556-61","Married"
"Ryan","Holmes","Male","29","r.holmes@randatmail.com","155-5372-52","Married"
"Ned","Richardson","Male","30","n.richardson@randatmail.com","570-2497-36","Single"
"Aldus","Farrell","Male","28","a.farrell@randatmail.com","170-2104-61","Single"
"Brad","Grant","Male","29","b.grant@randatmail.com","086-5028-94","Single"
"Madaline","Moore","Female","24","m.moore@randatmail.com","397-0646-62","Single"
"Alford","Evans","Male","26","a.evans@randatmail.com","990-2341-90","Married"
"Daisy","Parker","Female","21","d.parker@randatmail.com","308-5231-81","Married"
"Dainton","Murphy","Male","29","d.murphy@randatmail.com","678-4218-76","Married"
"Edwin","Murphy","Male","28","e.murphy@randatmail.com","959-2960-78","Single"
"Maddie","Craig","Female","24","m.craig@randatmail.com","545-1527-30","Single"
"Cherry","Higgins","Female","27","c.higgins@randatmail.com","363-9189-63","Single"
"Ashton","Chapman","Male","23","a.chapman@randatmail.com","421-5745-98","Married"
"Chloe","Richardson","Female","28","c.richardson@randatmail.com","639-6068-45","Married"
"Fiona","Jones","Female","26","f.jones@randatmail.com","840-3600-92","Married"
"Tyler","Perry","Male","19","t.perry@randatmail.com","883-7399-03","Married"
"Ned","Kelly","Male","25","n.kelly@randatmail.com","161-8002-39","Single"
"Heather","Perkins","Female","19","h.perkins@randatmail.com","096-1849-65","Single"
"Antony","Johnson","Male","26","a.johnson@randatmail.com","337-9540-35","Married"
"Oscar","Johnson","Male","27","o.johnson@randatmail.com","872-9916-15","Single"
"Spike","Gibson","Male","21","s.gibson@randatmail.com","566-1318-11","Single"
"Abigail","Morgan","Female","20","a.morgan@randatmail.com","738-5724-83","Single"
"Dale","Owens","Male","25","d.owens@randatmail.com","932-7638-72","Married"
"Jenna","Hawkins","Female","28","j.hawkins@randatmail.com","503-7627-37","Single"
"Carina","Montgomery","Female","26","c.montgomery@randatmail.com","563-7735-78","Married"
"Belinda","Henderson","Female","26","b.henderson@randatmail.com","958-4372-30","Single"